Entrada/Saída;Data;Movimentação;Produto;Instituição;Quantidade;Preço unitário;Valor da Operação
Credito;30/12/2020;Dividendo;HGTX3 - CIA HERING                                        ;INTER DTVM LTDA;57; RR$	0,11 ; RR$	5,99 
Credito;30/12/2020;Juros Sobre Capital Próprio;HGTX3 - CIA HERING                                        ;INTER DTVM LTDA;57; RR$	0,12 ; RR$	5,59 
Credito;23/12/2020;Transferência - Liquidação;IFIE11 - IFI-E FUNDO DE INVESTIMENTO IMOBILIARIO - FII     ;INTER DTVM LTDA;2; RR$	95,92 ; RR$	191,84 
Credito;23/12/2020;Transferência - Liquidação;IVVB11 - ISHARES S&P 500 FDO INV COTAS FDO INDICE          ;INTER DTVM LTDA;1; RR$	204,38 ; RR$	204,38 
Credito;23/12/2020;Transferência - Liquidação;MGLU3 - MAGAZINE LUIZA S.A.                               ;INTER DTVM LTDA;7; RR$	23,99 ; RR$	167,93 
Credito;23/12/2020;Transferência - Liquidação;ODPV3 - ODONTOPREV S.A.                                   ;INTER DTVM LTDA;2; RR$	13,21 ; RR$	26,42 
Credito;21/12/2020;Transferência - Liquidação;MXRF11 - MAXI RENDA FDO INV IMOB - FII                     ;INTER DTVM LTDA;1; RR$	10,26 ; RR$	10,26 
Credito;16/12/2020;Rendimento;MGFF11 - FDO INV IMOB MOGNO FUNDO DE FUNDOS                ;INTER DTVM LTDA;20; RR$	0,50 ; RR$	10,00 
Credito;16/12/2020;Transferência - Liquidação;MGLU3 - MAGAZINE LUIZA S.A.                               ;INTER DTVM LTDA;5; RR$	23,12 ; RR$	115,60 
Credito;15/12/2020;Rendimento;IFIE11 - IFI-E FUNDO DE INVESTIMENTO IMOBILIARIO - FII     ;INTER DTVM LTDA;4; RR$	0,38 ; RR$	1,52 
Credito;15/12/2020;Rendimento;LGCP11 - LOGCP INTER FDO INV IMOB                          ;INTER DTVM LTDA;10; RR$	0,54 ; RR$	5,40 
Credito;14/12/2020;Rendimento;BBPO11 - BB PROGRESSIVO II FDO INV IMOB - FII              ;INTER DTVM LTDA;20; RR$	1,08 ; RR$	21,64 
Credito;14/12/2020;Rendimento;BCFF11 - FDO INV IMOB - FII BTG PACTUAL FUNDO DE FUNDOS    ;INTER DTVM LTDA;30; RR$	0,53 ; RR$	15,90 
Credito;14/12/2020;Rendimento;HCTR11 - HECTARE CE - FDO INV IMOB                         ;INTER DTVM LTDA;14; RR$	2,51 ; RR$	35,14 
Credito;14/12/2020;Rendimento;HGBS11 - HEDGE BRASIL SHOPPING FDO INV IMOB                ;INTER DTVM LTDA;1; RR$	0,60 ; RR$	0,60 
Credito;14/12/2020;Transferência - Liquidação;MGLU3 - MAGAZINE LUIZA S.A.                               ;INTER DTVM LTDA;1; RR$	23,74 ; RR$	23,74 
Credito;14/12/2020;Rendimento;MXRF11 - MAXI RENDA FDO INV IMOB - FII                     ;INTER DTVM LTDA;295; RR$	0,06 ; RR$	17,70 
Credito;14/12/2020;Rendimento;VISC11 - VINCI SHOPPING CENTERS FDO INVEST IMOB - FII      ;INTER DTVM LTDA;10; RR$	0,45 ; RR$	4,50 
Debito;10/12/2020;Direitos de Subscrição - Não Exercido;HCTR12       - HECTARE CE - FUNDO DE INVESTIMENTO IMOBILIÁRIO;INTER DTVM LTDA;0;-;-
Credito;10/12/2020;Recibo de Subscrição;HCTR13       - HECTARE CE - FUNDO DE INVESTIMENTO IMOBILIÁRIO;INTER DTVM LTDA;8;-;-
Debito;10/12/2020;Recibo de Subscrição;HCTR13       - HECTARE CE - FUNDO DE INVESTIMENTO IMOBILIÁRIO;INTER DTVM LTDA;8;-;-
Debito;09/12/2020;Solicitação de Subscrição;HCTR12 - HECTARE CE - FDO INV IMOB                         ;INTER DTVM LTDA;8;-;-
Debito;09/12/2020;Direitos de Subscrição - Excercído;HCTR12 - HECTARE CE - FDO INV IMOB                         ;INTER DTVM LTDA;8;-;-
Credito;09/12/2020;Dividendo;ODPV3 - ODONTOPREV S.A.                                   ;INTER DTVM LTDA;69; RR$	0,14 ; RR$	9,43 
Credito;07/12/2020;Rendimento;HSML11 - HSI MALL FDO INV IMOB                             ;INTER DTVM LTDA;10; RR$	0,47 ; RR$	4,70 
Credito;04/12/2020;Rendimento;LGCP13 - LOGCP INTER FDO INV IMOB                          ;INTER DTVM LTDA;16; RR$	0,02 ; RR$	0,32 
Credito;02/12/2020;Atualização;LGCP11 - LOGCP INTER FDO INV IMOB                          ;INTER DTVM LTDA;16;-;-
Credito;01/12/2020;Transferência - Liquidação;ODPV3 - ODONTOPREV S.A.                                   ;INTER DTVM LTDA;36; RR$	13,11 ; RR$	471,96 
Debito;01/12/2020;Transferência - Liquidação;STBP3 - SANTOS BRASIL PARTICIPACOES S.A.                  ;INTER DTVM LTDA;99; RR$	4,85 ; RR$	480,15 
Credito;27/11/2020;Transferência - Liquidação;MGLU3        - MAGAZINE LUIZA S/A;INTER DISTRIBUIDORA DE TITULOS E VALORES MOBILIARIOS LTDA;10; RR$	23,95 ; RR$	239,50 
Debito;27/11/2020;Transferência - Liquidação;STBP3        - SANTOS BRASIL PARTICIPACOES SA;INTER DISTRIBUIDORA DE TITULOS E VALORES MOBILIARIOS LTDA;50; RR$	4,81 ; RR$	240,50 
Debito;20/11/2020;Transferência - Liquidação;AZUL4        - AZUL        ;INTER DISTRIBUIDORA DE TITULOS E VALORES MOBILIARIOS LTDA;40; RR$	34,70 ; RR$	1.388,00 
Debito;20/11/2020;Transferência - Liquidação;IVVB11       - ISHARE S&P 500 FIC EM FUNDO DE INDICE IE;INTER DISTRIBUIDORA DE TITULOS E VALORES MOBILIARIOS LTDA;19; RR$	207,60 ; RR$	3.944,40 
Debito;19/11/2020;Transferência - Liquidação;AZUL4        - AZUL        ;INTER DISTRIBUIDORA DE TITULOS E VALORES MOBILIARIOS LTDA;4; RR$	31,76 ; RR$	127,04 
Credito;19/11/2020;Transferência - Liquidação;MGLU3        - MAGAZINE LUIZA S/A;INTER DISTRIBUIDORA DE TITULOS E VALORES MOBILIARIOS LTDA;5; RR$	24,92 ; RR$	124,60 
Credito;18/11/2020;Direito de Subscrição;HCTR12       - HECTARE CE - FUNDO DE INVESTIMENTO IMOBILIÁRIO;INTER DISTRIBUIDORA DE TITULOS E VALORES MOBILIARIOS LTDA;8;-;-
Credito;18/11/2020;Juros Sobre Capital Próprio;HGTX3        - CIA. HERING;INTER DISTRIBUIDORA DE TITULOS E VALORES MOBILIARIOS LTDA;9; RR$	0,22 ; RR$	1,68 
Credito;18/11/2020;Rendimento;MGFF11       - FII MOGNO FUNDO DE FUNDOS;INTER DISTRIBUIDORA DE TITULOS E VALORES MOBILIARIOS LTDA;20; RR$	0,50 ; RR$	10,00 
Credito;18/11/2020;Transferência - Liquidação;ODPV3        - ODONTOPREV S.A.;INTER DISTRIBUIDORA DE TITULOS E VALORES MOBILIARIOS LTDA;7; RR$	12,68 ; RR$	88,76 
Credito;16/11/2020;Rendimento;BBPO11       - PATRIMONIAL FDO INV IMOB - FII;INTER DISTRIBUIDORA DE TITULOS E VALORES MOBILIARIOS LTDA;20; RR$	1,08 ; RR$	21,64 
Credito;16/11/2020;Rendimento;BCFF11       - FDO INV IMOB - FII BTG PACTUAL FUNDO DE FUNDOS;INTER DISTRIBUIDORA DE TITULOS E VALORES MOBILIARIOS LTDA;30; RR$	0,50 ; RR$	15,00 
Credito;16/11/2020;Rendimento;HCTR11       - HECTARE CE - FUNDO DE INVESTIMENTO IMOBILIÁRIO;INTER DISTRIBUIDORA DE TITULOS E VALORES MOBILIARIOS LTDA;10; RR$	2,38 ; RR$	23,80 
Credito;16/11/2020;Rendimento;HCTR13       - HECTARE CE - FUNDO DE INVESTIMENTO IMOBILIÁRIO;INTER DISTRIBUIDORA DE TITULOS E VALORES MOBILIARIOS LTDA;3; RR$	0,77 ; RR$	2,31 
Credito;16/11/2020;Rendimento;HCTR14       - HECTARE CE - FUNDO DE INVESTIMENTO IMOBILIÁRIO;INTER DISTRIBUIDORA DE TITULOS E VALORES MOBILIARIOS LTDA;1; RR$	0,40 ; RR$	0,40 
Credito;16/11/2020;Rendimento;HGBS11       - HEDGE BRASIL SHOPPING FDO INV IMOB;INTER DISTRIBUIDORA DE TITULOS E VALORES MOBILIARIOS LTDA;1; RR$	0,40 ; RR$	0,40 
Credito;16/11/2020;Rendimento;MXRF11       - MAXI RENDA FUNDO DE INVESTIMENTO IMOBILIARIO - FII;INTER DISTRIBUIDORA DE TITULOS E VALORES MOBILIARIOS LTDA;295; RR$	0,06 ; RR$	17,70 
Credito;16/11/2020;Rendimento;VISC11       - VINCI SHOPPING CENTERS FI IMOBILIÁRIO - FII;INTER DISTRIBUIDORA DE TITULOS E VALORES MOBILIARIOS LTDA;10; RR$	0,38 ; RR$	3,75 
Credito;13/11/2020;Rendimento;IFIE11       - INTER TEVA INDICE DE TIJOLO FUNDO DE INVESTIMENTO;INTER DISTRIBUIDORA DE TITULOS E VALORES MOBILIARIOS LTDA;4; RR$	0,39 ; RR$	1,56 
Credito;13/11/2020;Rendimento;LGCP11       - LOG CP INTER FDO INV IMOB;INTER DISTRIBUIDORA DE TITULOS E VALORES MOBILIARIOS LTDA;10; RR$	0,55 ; RR$	5,50 
Credito;12/11/2020;Atualização;HCTR11       - HECTARE CE - FUNDO DE INVESTIMENTO IMOBILIÁRIO;INTER DISTRIBUIDORA DE TITULOS E VALORES MOBILIARIOS LTDA;1;-;-
Credito;12/11/2020;Atualização;HCTR11       - HECTARE CE - FUNDO DE INVESTIMENTO IMOBILIÁRIO;INTER DISTRIBUIDORA DE TITULOS E VALORES MOBILIARIOS LTDA;3;-;-
Credito;09/11/2020;Rendimento;HSML11       - HSI MALLS FUNDO DE INVESTIMENTO IMOBILIÁRIO;INTER DISTRIBUIDORA DE TITULOS E VALORES MOBILIARIOS LTDA;10; RR$	0,45 ; RR$	4,50 
Credito;03/11/2020;Transferência - Liquidação;ITSA4        - ITAUSA S/A;INTER DISTRIBUIDORA DE TITULOS E VALORES MOBILIARIOS LTDA;99; RR$	9,03 ; RR$	893,97 
Credito;03/11/2020;Transferência - Liquidação;UGPA3        - ULTRAPAR PARTICIPACOES S.A.;INTER DISTRIBUIDORA DE TITULOS E VALORES MOBILIARIOS LTDA;2; RR$	16,33 ; RR$	32,66 
Debito;30/10/2020;Transferência - Liquidação;ITSA4        - ITAUSA S/A;INTER DISTRIBUIDORA DE TITULOS E VALORES MOBILIARIOS LTDA;99; RR$	9,37 ; RR$	927,63 
Credito;28/10/2020;Transferência - Liquidação;UGPA3        - ULTRAPAR PARTICIPACOES S.A.;INTER DISTRIBUIDORA DE TITULOS E VALORES MOBILIARIOS LTDA;10; RR$	18,39 ; RR$	183,90 
Credito;26/10/2020;Transferência - Liquidação;ODPV3        - ODONTOPREV S.A.;INTER DISTRIBUIDORA DE TITULOS E VALORES MOBILIARIOS LTDA;1; RR$	13,22 ; RR$	13,22 
Credito;22/10/2020;Recibo de Subscrição;LGCP13       - LOG CP INTER FDO INV IMOB;INTER DISTRIBUIDORA DE TITULOS E VALORES MOBILIARIOS LTDA;16;-;-
Debito;22/10/2020;Recibo de Subscrição;LGCP13       - LOG CP INTER FDO INV IMOB;INTER DISTRIBUIDORA DE TITULOS E VALORES MOBILIARIOS LTDA;16;-;-
Credito;21/10/2020;Dividendo;DIRR3        - DIRECIONAL ENGENHARIA S.A.;INTER DISTRIBUIDORA DE TITULOS E VALORES MOBILIARIOS LTDA;100; RR$	0,81 ; RR$	81,00 
Debito;21/10/2020;Direitos de Subscrição - Excercído;LGCP12       - LOG CP INTER FDO INV IMOB;INTER DISTRIBUIDORA DE TITULOS E VALORES MOBILIARIOS LTDA;16;-;-
Debito;21/10/2020;Direitos de Subscrição - Não Exercido;LGCP12       - LOG CP INTER FDO INV IMOB;INTER DISTRIBUIDORA DE TITULOS E VALORES MOBILIARIOS LTDA;0;-;-
Debito;20/10/2020;Solicitação de Subscrição;LGCP12       - LOG CP INTER FDO INV IMOB;INTER DISTRIBUIDORA DE TITULOS E VALORES MOBILIARIOS LTDA;16;-;-
Debito;20/10/2020;Solicitação de Subscrição;LGCP12       - LOG CP INTER FDO INV IMOB;INTER DISTRIBUIDORA DE TITULOS E VALORES MOBILIARIOS LTDA;16;-;-
Credito;20/10/2020;Cancelamento de Subscrição;LGCP12       - LOG CP INTER FDO INV IMOB;INTER DISTRIBUIDORA DE TITULOS E VALORES MOBILIARIOS LTDA;16;-;-
Credito;19/10/2020;Rendimento;MGFF11       - FII MOGNO FUNDO DE FUNDOS;INTER DISTRIBUIDORA DE TITULOS E VALORES MOBILIARIOS LTDA;20; RR$	0,50 ; RR$	10,00 
Credito;16/10/2020;Rendimento;HCTR11       - HECTARE CE - FUNDO DE INVESTIMENTO IMOBILIÁRIO;INTER DISTRIBUIDORA DE TITULOS E VALORES MOBILIARIOS LTDA;10; RR$	2,25 ; RR$	22,50 
Credito;16/10/2020;Recibo de Subscrição;HCTR14       - HECTARE CE - FUNDO DE INVESTIMENTO IMOBILIÁRIO;INTER DISTRIBUIDORA DE TITULOS E VALORES MOBILIARIOS LTDA;1;-;-
Debito;16/10/2020;Recibo de Subscrição;HCTR14       - HECTARE CE - FUNDO DE INVESTIMENTO IMOBILIÁRIO;INTER DISTRIBUIDORA DE TITULOS E VALORES MOBILIARIOS LTDA;1;-;-
Credito;16/10/2020;Transferência - Liquidação;MGLU3        - MAGAZINE LUIZA S/A;INTER DISTRIBUIDORA DE TITULOS E VALORES MOBILIARIOS LTDA;2; RR$	25,35 ; RR$	50,70 
Credito;15/10/2020;Rendimento;BBPO11       - PATRIMONIAL FDO INV IMOB - FII;INTER DISTRIBUIDORA DE TITULOS E VALORES MOBILIARIOS LTDA;20; RR$	1,08 ; RR$	21,64 
Credito;15/10/2020;Rendimento;BCFF11       - FDO INV IMOB - FII BTG PACTUAL FUNDO DE FUNDOS;INTER DISTRIBUIDORA DE TITULOS E VALORES MOBILIARIOS LTDA;30; RR$	0,45 ; RR$	13,50 
Debito;15/10/2020;Direitos de Subscrição - Excercído;HCTR12       - HECTARE CE - FUNDO DE INVESTIMENTO IMOBILIÁRIO;INTER DISTRIBUIDORA DE TITULOS E VALORES MOBILIARIOS LTDA;1;-;-
Credito;15/10/2020;Rendimento;HGBS11       - HEDGE BRASIL SHOPPING FDO DE INVESTIMENTO IMOBILIARIO;INTER DISTRIBUIDORA DE TITULOS E VALORES MOBILIARIOS LTDA;1; RR$	0,30 ; RR$	0,30 
Credito;15/10/2020;Rendimento;LGCP11       - LOG CP INTER FDO INV IMOB;INTER DISTRIBUIDORA DE TITULOS E VALORES MOBILIARIOS LTDA;10; RR$	0,53 ; RR$	5,30 
Credito;15/10/2020;Rendimento;MXRF11       - MAXI RENDA FUNDO DE INVESTIMENTO IMOBILIARIO - FII;INTER DISTRIBUIDORA DE TITULOS E VALORES MOBILIARIOS LTDA;174; RR$	0,07 ; RR$	12,18 
Credito;15/10/2020;Rendimento;MXRF13       - MAXI RENDA FUNDO DE INVESTIMENTO IMOBILIARIO - FII;INTER DISTRIBUIDORA DE TITULOS E VALORES MOBILIARIOS LTDA;71; RR$	0,03 ; RR$	2,13 
Credito;15/10/2020;Rendimento;MXRF15       - MAXI RENDA FUNDO DE INVESTIMENTO IMOBILIARIO - FII;INTER DISTRIBUIDORA DE TITULOS E VALORES MOBILIARIOS LTDA;50; RR$	0,02 ; RR$	1,00 
Credito;15/10/2020;Rendimento;VISC11       - VINCI SHOPPING CENTERS FI IMOBILIÁRIO - FII;INTER DISTRIBUIDORA DE TITULOS E VALORES MOBILIARIOS LTDA;10; RR$	0,20 ; RR$	2,00 
Credito;13/10/2020;Transferência - Liquidação;LGCP12       - LOG CP INTER FDO INV IMOB;INTER DISTRIBUIDORA DE TITULOS E VALORES MOBILIARIOS LTDA;8; RR$	0,60 ; RR$	4,80 
Credito;09/10/2020;Transferência - Liquidação;ODPV3        - ODONTOPREV S.A.;INTER DISTRIBUIDORA DE TITULOS E VALORES MOBILIARIOS LTDA;8; RR$	12,52 ; RR$	100,16 
Credito;07/10/2020;Rendimento;HSML11       - HSI MALLS FUNDO DE INVESTIMENTO IMOBILIÁRIO;INTER DISTRIBUIDORA DE TITULOS E VALORES MOBILIARIOS LTDA;10; RR$	0,40 ; RR$	4,00 
Credito;07/10/2020;Dividendo;ODPV3        - ODONTOPREV S.A.;INTER DISTRIBUIDORA DE TITULOS E VALORES MOBILIARIOS LTDA;60; RR$	0,16 ; RR$	9,40 
Credito;07/10/2020;Juros Sobre Capital Próprio;ODPV3        - ODONTOPREV S.A.;INTER DISTRIBUIDORA DE TITULOS E VALORES MOBILIARIOS LTDA;60; RR$	0,03 ; RR$	1,28 
Credito;05/10/2020;Transferência - Liquidação;ITSA4        - ITAUSA S/A;INTER DISTRIBUIDORA DE TITULOS E VALORES MOBILIARIOS LTDA;57; RR$	8,78 ; RR$	500,46 
Credito;05/10/2020;Atualização;MXRF11       - MAXI RENDA FUNDO DE INVESTIMENTO IMOBILIARIO - FII;INTER DISTRIBUIDORA DE TITULOS E VALORES MOBILIARIOS LTDA;71;-;-
Credito;05/10/2020;Atualização;MXRF11       - MAXI RENDA FUNDO DE INVESTIMENTO IMOBILIARIO - FII;INTER DISTRIBUIDORA DE TITULOS E VALORES MOBILIARIOS LTDA;50;-;-
Debito;30/09/2020;Solicitação de Subscrição;HCTR12       - HECTARE CE - FUNDO DE INVESTIMENTO IMOBILIÁRIO;INTER DISTRIBUIDORA DE TITULOS E VALORES MOBILIARIOS LTDA;3;-;-
Debito;30/09/2020;Direitos de Subscrição - Excercído;HCTR12       - HECTARE CE - FUNDO DE INVESTIMENTO IMOBILIÁRIO;INTER DISTRIBUIDORA DE TITULOS E VALORES MOBILIARIOS LTDA;3;-;-
Credito;22/09/2020;Atualização;CVCB3 - CVC BRASIL OPERADORA E AGÊNCIA DE VIAGENS S.A.    ;INTER DTVM LTDA;15;-;-
Credito;22/09/2020;Direito de Subscrição;LGCP12 - LOGCP INTER FDO INV IMOB                          ;INTER DTVM LTDA;8;-;-
Credito;18/09/2020;Transferência - Liquidação;HCTR11 - HECTARE CE - FDO INV IMOB                         ;INTER DTVM LTDA;8; RR$	125,00 ; RR$	1.000,00 
Credito;18/09/2020;Direito de Subscrição;HCTR12 - HECTARE CE - FDO INV IMOB                         ;INTER DTVM LTDA;3;-;-
Credito;18/09/2020;Transferência - Liquidação;HGBS11 - HEDGE BRASIL SHOPPING FDO INV IMOB                ;INTER DTVM LTDA;1; RR$	212,34 ; RR$	212,34 
Credito;18/09/2020;Transferência - Liquidação;HSML11 - HSI MALL FDO INV IMOB                             ;INTER DTVM LTDA;1; RR$	93,45 ; RR$	93,45 
Credito;18/09/2020;Transferência - Liquidação;LGCP11 - LOGCP INTER FDO INV IMOB                          ;INTER DTVM LTDA;8; RR$	100,69 ; RR$	805,52 
Credito;18/09/2020;Transferência - Liquidação;VISC11 - VINCI SHOPPING CENTERS FDO INVEST IMOB - FII      ;INTER DTVM LTDA;10; RR$	114,30 ; RR$	1.143,00 
Credito;17/09/2020;Rendimento;MGFF11 - FDO INV IMOB MOGNO FUNDO DE FUNDOS                ;INTER DTVM LTDA;20; RR$	0,50 ; RR$	9,91 
Credito;16/09/2020;Transferência - Liquidação;ITSA4 - ITAUSA S.A.                                       ;INTER DTVM LTDA;110; RR$	9,32 ; RR$	1.025,20 
Debito;16/09/2020;Transferência - Liquidação;PETZ3 - PET CENTER COMERCIO  E PARTICIPACOES S.A.         ;INTER DTVM LTDA;37; RR$	16,80 ; RR$	621,60 
Credito;15/09/2020;Rendimento;BBPO11 - BB PROGRESSIVO II FDO INV IMOB - FII              ;INTER DTVM LTDA;20; RR$	1,08 ; RR$	21,64 
Credito;15/09/2020;Rendimento;BCFF11 - FDO INV IMOB - FII BTG PACTUAL FUNDO DE FUNDOS    ;INTER DTVM LTDA;30; RR$	0,45 ; RR$	13,50 
Credito;15/09/2020;Rendimento;HCTR11 - HECTARE CE - FDO INV IMOB                         ;INTER DTVM LTDA;2; RR$	2,12 ; RR$	4,24 
Credito;15/09/2020;Rendimento;LGCP11 - LOGCP INTER FDO INV IMOB                          ;INTER DTVM LTDA;2; RR$	0,52 ; RR$	1,04 
Credito;15/09/2020;Rendimento;MXRF11 - MAXI RENDA FDO INV IMOB - FII                     ;INTER DTVM LTDA;174; RR$	0,07 ; RR$	12,18 
Credito;15/09/2020;Transferência - Liquidação;PETZ3 - PET CENTER COMERCIO  E PARTICIPACOES S.A.         ;INTER DTVM LTDA;37; RR$	14,65 ; RR$	542,05 
Credito;10/09/2020;Transferência - Liquidação;IVVB11 - ISHARES S&P 500 FDO INV COTAS FDO INDICE          ;INTER DTVM LTDA;2; RR$	195,53 ; RR$	391,06 
Debito;10/09/2020;Transferência - Liquidação;PGMN3 - EMPREENDIMENTOS PAGUE MENOS S.A.                  ;INTER DTVM LTDA;46; RR$	10,22 ; RR$	470,12 
Credito;08/09/2020;Rendimento;HSML11 - HSI MALL FDO INV IMOB                             ;INTER DTVM LTDA;9; RR$	0,26 ; RR$	2,34 
Credito;08/09/2020;Atualização;IFIE11 - IFI-E FUNDO DE INVESTIMENTO IMOBILIARIO - FII     ;INTER DTVM LTDA;4;-;-
Credito;08/09/2020;Transferência - Liquidação;PGMN3 - EMPREENDIMENTOS PAGUE MENOS S.A.                  ;INTER DTVM LTDA;46; RR$	11,07 ; RR$	509,22 
Credito;02/09/2020;Transferência - Liquidação;ITSA4 - ITAUSA S.A.                                       ;INTER DTVM LTDA;5; RR$	9,57 ; RR$	47,85 
Debito;31/08/2020;Transferência - Liquidação;DIRR3        - DIRECIONAL ENGENHARIA S.A.;INTER DISTRIBUIDORA DE TITULOS E VALORES MOBILIARIOS LTDA;39; RR$	14,62 ; RR$	570,18 
Credito;31/08/2020;Transferência - Liquidação;HGTX3        - CIA. HERING;INTER DISTRIBUIDORA DE TITULOS E VALORES MOBILIARIOS LTDA;28; RR$	18,36 ; RR$	514,08 
Credito;31/08/2020;Transferência - Liquidação;IFIE13       - INTER TEVA INDICE DE TIJOLO FUNDO DE INVESTIMENTO;INTER DISTRIBUIDORA DE TITULOS E VALORES MOBILIARIOS LTDA;4;-;-
Credito;31/08/2020;Recibo de Subscrição;MXRF15       - MAXI RENDA FUNDO DE INVESTIMENTO IMOBILIARIO - FII;INTER DISTRIBUIDORA DE TITULOS E VALORES MOBILIARIOS LTDA;50;-;-
Debito;31/08/2020;Recibo de Subscrição;MXRF15       - MAXI RENDA FUNDO DE INVESTIMENTO IMOBILIARIO - FII;INTER DISTRIBUIDORA DE TITULOS E VALORES MOBILIARIOS LTDA;50;-;-
Debito;28/08/2020;Direitos de Subscrição - Excercído;MXRF12       - MAXI RENDA FUNDO DE INVESTIMENTO IMOBILIARIO - FII;INTER DISTRIBUIDORA DE TITULOS E VALORES MOBILIARIOS LTDA;50;-;-
Credito;26/08/2020;Dividendo;ITSA4        - ITAUSA S/A;INTER DISTRIBUIDORA DE TITULOS E VALORES MOBILIARIOS LTDA;86; RR$	0,02 ; RR$	1,72 
Debito;24/08/2020;Transferência - Liquidação;VVAR3        - VIA VAREJO S.A.;INTER DISTRIBUIDORA DE TITULOS E VALORES MOBILIARIOS LTDA;99; RR$	19,40 ; RR$	1.920,60 
Debito;21/08/2020;Direitos de Subscrição - Não Exercido;MXRF12       - MAXI RENDA FUNDO DE INVESTIMENTO IMOBILIARIO - FII;INTER DISTRIBUIDORA DE TITULOS E VALORES MOBILIARIOS LTDA;0;-;-
Credito;21/08/2020;Recibo de Subscrição;MXRF13       - MAXI RENDA FUNDO DE INVESTIMENTO IMOBILIARIO - FII;INTER DISTRIBUIDORA DE TITULOS E VALORES MOBILIARIOS LTDA;71;-;-
Debito;21/08/2020;Recibo de Subscrição;MXRF13       - MAXI RENDA FUNDO DE INVESTIMENTO IMOBILIARIO - FII;INTER DISTRIBUIDORA DE TITULOS E VALORES MOBILIARIOS LTDA;71;-;-
Credito;20/08/2020;Juros Sobre Capital Próprio;BIDI4        - BANCO INTER S/A;INTER DISTRIBUIDORA DE TITULOS E VALORES MOBILIARIOS LTDA;4; RR$	0,02 ; RR$	0,08 
Credito;20/08/2020;Juros Sobre Capital Próprio;BIDI4        - BANCO INTER S/A;INTER DISTRIBUIDORA DE TITULOS E VALORES MOBILIARIOS LTDA;22; RR$	0,01 ; RR$	0,20 
Debito;20/08/2020;Solicitação de Subscrição;MXRF12       - MAXI RENDA FUNDO DE INVESTIMENTO IMOBILIARIO - FII;INTER DISTRIBUIDORA DE TITULOS E VALORES MOBILIARIOS LTDA;71;-;-
Debito;20/08/2020;Direitos de Subscrição - Excercído;MXRF12       - MAXI RENDA FUNDO DE INVESTIMENTO IMOBILIARIO - FII;INTER DISTRIBUIDORA DE TITULOS E VALORES MOBILIARIOS LTDA;71;-;-
Credito;18/08/2020;Transferência - Liquidação;ITSA4        - ITAUSA S/A;INTER DISTRIBUIDORA DE TITULOS E VALORES MOBILIARIOS LTDA;6; RR$	9,94 ; RR$	59,64 
Credito;17/08/2020;Atualização;CVCB11       - CVC BRASIL OPERADORA E AGENCIA DE VIAGENS S.A.;INTER DISTRIBUIDORA DE TITULOS E VALORES MOBILIARIOS LTDA;15;-;-
Credito;17/08/2020;Atualização;CVCB9        - CVC BRASIL OPERADORA E AGENCIA DE VIAGENS S.A.;INTER DISTRIBUIDORA DE TITULOS E VALORES MOBILIARIOS LTDA;15;-;-
Credito;17/08/2020;Transferência - Liquidação;STBP3        - SANTOS BRASIL PARTICIPACOES SA;INTER DISTRIBUIDORA DE TITULOS E VALORES MOBILIARIOS LTDA;6; RR$	5,31 ; RR$	31,86 
Credito;17/08/2020;Transferência - Liquidação;VVAR3        - VIA VAREJO S.A.;INTER DISTRIBUIDORA DE TITULOS E VALORES MOBILIARIOS LTDA;99; RR$	19,31 ; RR$	1.911,69 
Credito;14/08/2020;Rendimento;BBPO11       - PATRIMONIAL FDO INV IMOB - FII;INTER DISTRIBUIDORA DE TITULOS E VALORES MOBILIARIOS LTDA;20; RR$	1,06 ; RR$	21,15 
Credito;14/08/2020;Rendimento;BCFF11       - FDO INV IMOB - FII BTG PACTUAL FUNDO DE FUNDOS;INTER DISTRIBUIDORA DE TITULOS E VALORES MOBILIARIOS LTDA;30; RR$	0,45 ; RR$	13,50 
Credito;14/08/2020;Rendimento;HCTR11       - HECTARE CE - FUNDO DE INVESTIMENTO IMOBILIÁRIO;INTER DISTRIBUIDORA DE TITULOS E VALORES MOBILIARIOS LTDA;2; RR$	1,17 ; RR$	2,34 
Credito;14/08/2020;Rendimento;LGCP11       - LOG CP INTER FDO INV IMOB;INTER DISTRIBUIDORA DE TITULOS E VALORES MOBILIARIOS LTDA;2; RR$	0,44 ; RR$	0,88 
Credito;14/08/2020;Rendimento;MGFF11       - FII MOGNO FUNDO DE FUNDOS;INTER DISTRIBUIDORA DE TITULOS E VALORES MOBILIARIOS LTDA;20; RR$	0,56 ; RR$	11,20 
Credito;14/08/2020;Rendimento;MXRF11       - MAXI RENDA FUNDO DE INVESTIMENTO IMOBILIARIO - FII;INTER DISTRIBUIDORA DE TITULOS E VALORES MOBILIARIOS LTDA;174; RR$	0,07 ; RR$	12,18 
Debito;13/08/2020;Transferência - Liquidação;BIDI4        - BANCO INTER S/A;INTER DISTRIBUIDORA DE TITULOS E VALORES MOBILIARIOS LTDA;22; RR$	21,47 ; RR$	472,34 
Debito;13/08/2020;Direitos de Subscrição - Não Exercido;CVCB1        - CVC BRASIL OPERADORA E AGENCIA DE VIAGENS S.A.;INTER DISTRIBUIDORA DE TITULOS E VALORES MOBILIARIOS LTDA;0;-;-
Credito;13/08/2020;Recibo de Subscrição;CVCB9        - CVC BRASIL OPERADORA E AGENCIA DE VIAGENS S.A.;INTER DISTRIBUIDORA DE TITULOS E VALORES MOBILIARIOS LTDA;15;-;-
Debito;13/08/2020;Recibo de Subscrição;CVCB9        - CVC BRASIL OPERADORA E AGENCIA DE VIAGENS S.A.;INTER DISTRIBUIDORA DE TITULOS E VALORES MOBILIARIOS LTDA;15;-;-
Credito;13/08/2020;Transferência - Liquidação;UGPA3        - ULTRAPAR PARTICIPACOES S.A.;INTER DISTRIBUIDORA DE TITULOS E VALORES MOBILIARIOS LTDA;24; RR$	19,12 ; RR$	458,88 
Debito;12/08/2020;Solicitação de Subscrição;CVCB1        - CVC BRASIL OPERADORA E AGENCIA DE VIAGENS S.A.;INTER DISTRIBUIDORA DE TITULOS E VALORES MOBILIARIOS LTDA;15;-;-
Debito;12/08/2020;Direitos de Subscrição - Excercído;CVCB1        - CVC BRASIL OPERADORA E AGENCIA DE VIAGENS S.A.;INTER DISTRIBUIDORA DE TITULOS E VALORES MOBILIARIOS LTDA;15;-;-
Debito;07/08/2020;Direitos de Subscrição - Não Exercido;BIDI2        - BANCO INTER S/A;INTER DISTRIBUIDORA DE TITULOS E VALORES MOBILIARIOS LTDA;0;-;-
Credito;07/08/2020;Rendimento;HSML11       - HSI MALLS FUNDO DE INVESTIMENTO IMOBILIÁRIO;INTER DISTRIBUIDORA DE TITULOS E VALORES MOBILIARIOS LTDA;9; RR$	0,18 ; RR$	1,62 
Credito;05/08/2020;Direito de Subscrição;MXRF12       - MAXI RENDA FUNDO DE INVESTIMENTO IMOBILIARIO - FII;INTER DISTRIBUIDORA DE TITULOS E VALORES MOBILIARIOS LTDA;71;-;-
Credito;04/08/2020;Transferência - Liquidação;BBPO11       - PATRIMONIAL FDO INV IMOB - FII;INTER DISTRIBUIDORA DE TITULOS E VALORES MOBILIARIOS LTDA;10; RR$	138,37 ; RR$	1.383,70 
Credito;04/08/2020;Transferência - Liquidação;HGTX3        - CIA. HERING;INTER DISTRIBUIDORA DE TITULOS E VALORES MOBILIARIOS LTDA;20; RR$	15,39 ; RR$	307,80 
Credito;04/08/2020;Transferência - Liquidação;STBP3        - SANTOS BRASIL PARTICIPACOES SA;INTER DISTRIBUIDORA DE TITULOS E VALORES MOBILIARIOS LTDA;4; RR$	5,71 ; RR$	22,84 
Debito;04/08/2020;Transferência - Liquidação;VVAR3        - VIA VAREJO S.A.;INTER DISTRIBUIDORA DE TITULOS E VALORES MOBILIARIOS LTDA;15; RR$	20,53 ; RR$	307,95 
Credito;03/08/2020;Transferência - Liquidação;ODPV3        - ODONTOPREV S.A.;INTER DISTRIBUIDORA DE TITULOS E VALORES MOBILIARIOS LTDA;60; RR$	14,76 ; RR$	885,60 
Debito;03/08/2020;Transferência - Liquidação;VVAR3        - VIA VAREJO S.A.;INTER DISTRIBUIDORA DE TITULOS E VALORES MOBILIARIOS LTDA;46; RR$	19,87 ; RR$	914,02 
Credito;23/07/2020;Transferência - Liquidação;STBP3 - SANTOS BRASIL PARTICIPACOES S.A.                  ;INTER DTVM LTDA;2; RR$	5,94 ; RR$	11,88 
Debito;22/07/2020;Transferência - Liquidação;CVCB3 - CVC BRASIL OPERADORA E AGÊNCIA DE VIAGENS S.A.    ;INTER DTVM LTDA;16; RR$	21,99 ; RR$	351,84 
Credito;22/07/2020;Transferência - Liquidação;HCTR11 - HECTARE CE - FDO INV IMOB                         ;INTER DTVM LTDA;2; RR$	120,20 ; RR$	240,40 
Credito;22/07/2020;Transferência - Liquidação;STBP3 - SANTOS BRASIL PARTICIPACOES S.A.                  ;INTER DTVM LTDA;18; RR$	5,77 ; RR$	103,86 
Credito;17/07/2020;Transferência - Liquidação;BIDI4 - BANCO INTER S.A.                                  ;INTER DTVM LTDA;18; RR$	16,64 ; RR$	299,52 
Credito;16/07/2020;Direito de Subscrição;CVCB1 - CVC BRASIL OPERADORA E AGÊNCIA DE VIAGENS S.A.    ;INTER DTVM LTDA;15;-;-
Credito;16/07/2020;Rendimento;MGFF11 - FDO INV IMOB MOGNO FUNDO DE FUNDOS                ;INTER DTVM LTDA;20; RR$	0,62 ; RR$	12,40 
Credito;16/07/2020;Transferência - Liquidação;MXRF11 - MAXI RENDA FDO INV IMOB - FII                     ;INTER DTVM LTDA;4; RR$	10,89 ; RR$	43,56 
Credito;15/07/2020;Rendimento;LGCP11 - LOGCP INTER FDO INV IMOB                          ;INTER DTVM LTDA;2; RR$	0,47 ; RR$	0,94 
Credito;15/07/2020;Transferência - Liquidação;STBP3 - SANTOS BRASIL PARTICIPACOES S.A.                  ;INTER DTVM LTDA;1; RR$	5,74 ; RR$	5,74 
Credito;14/07/2020;Rendimento;BBPO11 - BB PROGRESSIVO II FDO INV IMOB - FII              ;INTER DTVM LTDA;10; RR$	1,06 ; RR$	10,57 
Credito;14/07/2020;Rendimento;BCFF11 - FDO INV IMOB - FII BTG PACTUAL FUNDO DE FUNDOS    ;INTER DTVM LTDA;30; RR$	0,40 ; RR$	12,00 
Credito;14/07/2020;Rendimento;MXRF11 - MAXI RENDA FDO INV IMOB - FII                     ;INTER DTVM LTDA;170; RR$	0,07 ; RR$	11,90 
Credito;10/07/2020;Transferência - Liquidação;CVCB3 - CVC BRASIL OPERADORA E AGÊNCIA DE VIAGENS S.A.    ;INTER DTVM LTDA;50; RR$	20,00 ; RR$	1.000,00 
Debito;09/07/2020;Transferência - Liquidação;CVCB3 - CVC BRASIL OPERADORA E AGÊNCIA DE VIAGENS S.A.    ;INTER DTVM LTDA;50; RR$	20,44 ; RR$	1.022,00 
Credito;07/07/2020;Direito de Subscrição;BIDI2 - BANCO INTER S.A.                                  ;INTER DTVM LTDA;0;-;-
Credito;07/07/2020;Rendimento;HSML11 - HSI MALL FDO INV IMOB                             ;INTER DTVM LTDA;9; RR$	0,18 ; RR$	1,62 
Credito;03/07/2020;Transferência - Liquidação;CVCB3 - CVC BRASIL OPERADORA E AGÊNCIA DE VIAGENS S.A.    ;INTER DTVM LTDA;50; RR$	18,88 ; RR$	944,00 
Credito;03/07/2020;Transferência - Liquidação;ITSA4 - ITAUSA S.A.                                       ;INTER DTVM LTDA;50; RR$	9,83 ; RR$	491,50 
Credito;01/07/2020;Dividendo;ITSA4 - ITAUSA INVESTIMENTOS ITAU S.A.                    ;INTER DTVM LTDA;30; RR$	0,02 ; RR$	0,60 
Credito;18/06/2020;Transferência - Liquidação;CVCB3 - CVC BRASIL OPERADORA E AGÊNCIA DE VIAGENS S.A.    ;INTER DTVM LTDA;50; RR$	21,95 ; RR$	1.097,50 
Debito;18/06/2020;Transferência - Liquidação;IVVB11 - ISHARES S&P 500 FDO INV COTAS FDO INDICE          ;INTER DTVM LTDA;6; RR$	171,53 ; RR$	1.029,18 
Credito;17/06/2020;Rendimento;MGFF11 - FDO INV IMOB MOGNO FUNDO DE FUNDOS                ;INTER DTVM LTDA;20; RR$	0,60 ; RR$	12,00 
Credito;16/06/2020;Transferência - Liquidação;HSML11 - HSI MALL FDO INV IMOB                             ;INTER DTVM LTDA;8; RR$	89,20 ; RR$	713,60 
Credito;15/06/2020;Rendimento;BBPO11 - BB PROGRESSIVO II FDO INV IMOB - FII              ;INTER DTVM LTDA;10; RR$	1,06 ; RR$	10,57 
Credito;15/06/2020;Rendimento;BCFF11 - FDO INV IMOB - FII BTG PACTUAL FUNDO DE FUNDOS    ;INTER DTVM LTDA;30; RR$	0,40 ; RR$	12,00 
Credito;15/06/2020;Rendimento;LGCP11 - LOGCP INTER FDO INV IMOB                          ;INTER DTVM LTDA;2; RR$	0,47 ; RR$	0,94 
Credito;15/06/2020;Rendimento;MXRF11 - MAXI RENDA FDO INV IMOB - FII                     ;INTER DTVM LTDA;114; RR$	0,07 ; RR$	7,98 
Debito;12/06/2020;Transferência - Liquidação;AZUL4 - AZUL S.A.                                         ;INTER DTVM LTDA;86; RR$	27,19 ; RR$	2.338,34 
Credito;12/06/2020;Transferência - Liquidação;DIRR3 - DIRECIONAL ENGENHARIA S.A.                        ;INTER DTVM LTDA;18; RR$	11,96 ; RR$	215,28 
Debito;12/06/2020;Transferência - Liquidação;HGTX3 - CIA HERING                                        ;INTER DTVM LTDA;116; RR$	16,45 ; RR$	1.908,20 
Credito;12/06/2020;Transferência - Liquidação;IVVB11 - ISHARES S&P 500 FDO INV COTAS FDO INDICE          ;INTER DTVM LTDA;23; RR$	169,24 ; RR$	3.892,52 
Credito;10/06/2020;Transferência - Liquidação;DIRR3 - DIRECIONAL ENGENHARIA S.A.                        ;INTER DTVM LTDA;84; RR$	11,99 ; RR$	1.007,16 
Credito;10/06/2020;Transferência - Liquidação;STBP3 - SANTOS BRASIL PARTICIPACOES S.A.                  ;INTER DTVM LTDA;38; RR$	5,51 ; RR$	209,38 
Debito;10/06/2020;Transferência - Liquidação;VVAR3 - VIA VAREJO S.A.                                   ;INTER DTVM LTDA;99; RR$	15,08 ; RR$	1.492,92 
Credito;09/06/2020;Transferência - Liquidação;DIRR3 - DIRECIONAL ENGENHARIA S.A.                        ;INTER DTVM LTDA;17; RR$	12,14 ; RR$	206,38 
Credito;08/06/2020;Transferência - Liquidação;MGFF11 - FDO INV IMOB MOGNO FUNDO DE FUNDOS                ;INTER DTVM LTDA;7; RR$	94,35 ; RR$	660,45 
Credito;08/06/2020;Transferência - Liquidação;MXRF11 - MAXI RENDA FDO INV IMOB - FII                     ;INTER DTVM LTDA;56; RR$	10,92 ; RR$	611,52 
Credito;05/06/2020;Rendimento;HSML11 - HSI MALL FDO INV IMOB                             ;INTER DTVM LTDA;1; RR$	0,18 ; RR$	0,18 
Credito;28/05/2020;Transferência - Liquidação;MXRF11 - MAXI RENDA FDO INV IMOB - FII                     ;INTER DTVM LTDA;4; RR$	10,58 ; RR$	42,32 
Credito;21/05/2020;Transferência - Liquidação;AZUL4 - AZUL S.A.                                         ;INTER DTVM LTDA;2; RR$	14,27 ; RR$	28,54 
Credito;21/05/2020;Transferência - Liquidação;DIRR3 - DIRECIONAL ENGENHARIA S.A.                        ;INTER DTVM LTDA;1; RR$	8,72 ; RR$	8,72 
Credito;21/05/2020;Transferência - Liquidação;ITSA4 - ITAUSA INVESTIMENTOS ITAU S.A.                    ;INTER DTVM LTDA;2; RR$	8,34 ; RR$	16,68 
Credito;21/05/2020;Transferência - Liquidação;STBP3 - SANTOS BRASIL PARTICIPACOES S.A.                  ;INTER DTVM LTDA;8; RR$	3,81 ; RR$	30,48 
Credito;21/05/2020;Transferência - Liquidação;VVAR3 - VIA VAREJO S.A.                                   ;INTER DTVM LTDA;3; RR$	9,39 ; RR$	28,17 
Credito;19/05/2020;Transferência - Liquidação;BIDI4 - BANCO INTER S.A.                                  ;INTER DTVM LTDA;4; RR$	8,89 ; RR$	35,56 
Credito;19/05/2020;Transferência - Liquidação;MGFF11 - FDO INV IMOB MOGNO FUNDO DE FUNDOS                ;INTER DTVM LTDA;1; RR$	89,97 ; RR$	89,97 
Credito;19/05/2020;Rendimento;MGFF11 - FDO INV IMOB MOGNO FUNDO DE FUNDOS                ;INTER DTVM LTDA;12; RR$	0,60 ; RR$	7,20 
Credito;15/05/2020;Rendimento;BBPO11 - BB PROGRESSIVO II FDO INV IMOB - FII              ;INTER DTVM LTDA;5; RR$	1,06 ; RR$	5,28 
Credito;15/05/2020;Rendimento;BCFF11 - FDO INV IMOB - FII BTG PACTUAL FUNDO DE FUNDOS    ;INTER DTVM LTDA;30; RR$	0,40 ; RR$	12,00 
Credito;15/05/2020;Rendimento;LGCP11 - LOGCP INTER FDO INV IMOB                          ;INTER DTVM LTDA;2; RR$	0,48 ; RR$	0,96 
Credito;15/05/2020;Rendimento;MXRF11 - MAXI RENDA FDO INV IMOB - FII                     ;INTER DTVM LTDA;100; RR$	0,07 ; RR$	7,00 
Debito;13/05/2020;Direitos de Subscrição - Não Exercido;MGFF12 - FDO INV IMOB MOGNO FUNDO DE FUNDOS                ;INTER DTVM LTDA;0;-;-
Credito;12/05/2020;Transferência - Liquidação;BBPO11 - BB PROGRESSIVO II FDO INV IMOB - FII              ;INTER DTVM LTDA;5; RR$	150,40 ; RR$	752,00 
Credito;12/05/2020;Transferência - Liquidação;BCFF11 - FDO INV IMOB - FII BTG PACTUAL FUNDO DE FUNDOS    ;INTER DTVM LTDA;2; RR$	85,99 ; RR$	171,98 
Debito;12/05/2020;Cessão de Direitos - Solicitada;MGFF12 - FDO INV IMOB MOGNO FUNDO DE FUNDOS                ;INTER DTVM LTDA;1;-;-
Credito;12/05/2020;Cessão de Direitos;MGFF12 - FDO INV IMOB MOGNO FUNDO DE FUNDOS                ;INTER DTVM LTDA;1;-;-
Credito;12/05/2020;Dividendo;STBP3 - SANTOS BRASIL PARTICIPACOES S.A.                  ;INTER DTVM LTDA;72; RR$	0,02 ; RR$	1,25 
Credito;08/05/2020;Rendimento;HSML11 - HSI MALL FDO INV IMOB                             ;INTER DTVM LTDA;1; RR$	0,22 ; RR$	0,22 
Credito;07/05/2020;Transferência - Liquidação;BCFF11 - FDO INV IMOB - FII BTG PACTUAL FUNDO DE FUNDOS    ;INTER DTVM LTDA;1; RR$	85,49 ; RR$	85,49 
Credito;06/05/2020;Transferência - Liquidação;HGTX3 - CIA HERING                                        ;INTER DTVM LTDA;62; RR$	14,47 ; RR$	897,14 
Debito;06/05/2020;Transferência - Liquidação;KLBN11 - KLABIN S.A.                                       ;INTER DTVM LTDA;50; RR$	17,90 ; RR$	895,00 
Credito;06/05/2020;Transferência - Liquidação;MXRF11 - MAXI RENDA FDO INV IMOB - FII                     ;INTER DTVM LTDA;10; RR$	9,97 ; RR$	99,70 
Credito;04/05/2020;Transferência - Liquidação;BBPO11 - BB PROGRESSIVO II FDO INV IMOB - FII              ;INTER DTVM LTDA;5; RR$	149,20 ; RR$	746,00 
Debito;04/05/2020;Transferência - Liquidação;BRKM5 - BRASKEM S.A.                                      ;INTER DTVM LTDA;58; RR$	22,80 ; RR$	1.322,40 
Credito;04/05/2020;Transferência - Liquidação;HGTX3 - CIA HERING                                        ;INTER DTVM LTDA;63; RR$	15,90 ; RR$	1.001,70 
Credito;04/05/2020;Transferência - Liquidação;STBP3 - SANTOS BRASIL PARTICIPACOES S.A.                  ;INTER DTVM LTDA;72; RR$	4,21 ; RR$	303,12 
Credito;28/04/2020;Transferência - Liquidação;DIRR3 - DIRECIONAL ENGENHARIA S.A.                        ;INTER DTVM LTDA;13; RR$	8,86 ; RR$	115,18 
Credito;24/04/2020;Direito de Subscrição;MGFF12 - FDO INV IMOB MOGNO FUNDO DE FUNDOS                ;INTER DTVM LTDA;1;-;-
Credito;23/04/2020;Transferência - Liquidação;BRKM5 - BRASKEM S.A.                                      ;INTER DTVM LTDA;58; RR$	20,99 ; RR$	1.217,42 
Debito;23/04/2020;Transferência - Liquidação;SULA11 - SUL AMERICA S.A.                                  ;INTER DTVM LTDA;27; RR$	46,19 ; RR$	1.247,13 
Credito;22/04/2020;Transferência - Liquidação;KLBN11 - KLABIN S.A.                                       ;INTER DTVM LTDA;32; RR$	15,84 ; RR$	506,88 
Credito;22/04/2020;Transferência - Liquidação;MXRF11 - MAXI RENDA FDO INV IMOB - FII                     ;INTER DTVM LTDA;100; RR$	9,99 ; RR$	999,00 
Debito;22/04/2020;Transferência - Liquidação;TIET3 - AES TIETE ENERGIA SA                              ;INTER DTVM LTDA;1; RR$	3,56 ; RR$	3,56 
Credito;20/04/2020;Transferência - Liquidação;ITSA4 - ITAUSA INVESTIMENTOS ITAU S.A.                    ;INTER DTVM LTDA;28; RR$	9,08 ; RR$	254,24 
Credito;17/04/2020;Rendimento;MGFF11 - FDO INV IMOB MOGNO FUNDO DE FUNDOS                ;INTER DTVM LTDA;12; RR$	0,60 ; RR$	7,20 
Debito;16/04/2020;Transferência - Liquidação;BRKM5 - BRASKEM S.A.                                      ;INTER DTVM LTDA;30; RR$	20,10 ; RR$	603,00 
Debito;16/04/2020;Transferência - Liquidação;GOLL4 - GOL LINHAS AEREAS INTELIGENTES S.A.               ;INTER DTVM LTDA;49; RR$	11,72 ; RR$	574,28 
Credito;16/04/2020;Transferência - Liquidação;SULA11 - SUL AMERICA S.A.                                  ;INTER DTVM LTDA;27; RR$	43,98 ; RR$	1.187,46 
Credito;15/04/2020;Rendimento;BCFF11 - FDO INV IMOB - FII BTG PACTUAL FUNDO DE FUNDOS    ;INTER DTVM LTDA;27; RR$	0,40 ; RR$	10,80 
Credito;15/04/2020;Rendimento;LGCP11 - LOGCP INTER FDO INV IMOB                          ;INTER DTVM LTDA;2; RR$	0,45 ; RR$	0,90 
Credito;09/04/2020;Transferência - Liquidação;AZUL4 - AZUL S.A.                                         ;INTER DTVM LTDA;104; RR$	17,66 ; RR$	1.836,64 
Debito;09/04/2020;Transferência - Liquidação;MGLU3 - MAGAZINE LUIZA S.A.                               ;INTER DTVM LTDA;22; RR$	42,00 ; RR$	924,00 
Credito;08/04/2020;Transferência - Liquidação;GOLL4 - GOL LINHAS AEREAS INTELIGENTES S.A.               ;INTER DTVM LTDA;49; RR$	10,40 ; RR$	509,60 
Credito;08/04/2020;Transferência - Liquidação;MGFF11 - FDO INV IMOB MOGNO FUNDO DE FUNDOS                ;INTER DTVM LTDA;12; RR$	83,48 ; RR$	1.001,76 
Credito;07/04/2020;Rendimento;HSML11 - HSI MALL FDO INV IMOB                             ;INTER DTVM LTDA;1; RR$	0,22 ; RR$	0,22 
Credito;06/04/2020;Transferência - Liquidação;MGLU3 - MAGAZINE LUIZA S.A.                               ;INTER DTVM LTDA;8; RR$	35,49 ; RR$	283,92 
Credito;01/04/2020;Transferência - Liquidação;KLBN11 - KLABIN S.A.                                       ;INTER DTVM LTDA;18; RR$	16,61 ; RR$	298,98 
Credito;31/03/2020;Transferência - Liquidação;BRKM5 - BRASKEM S.A.                                      ;INTER DTVM LTDA;30; RR$	18,26 ; RR$	547,80 
Debito;31/03/2020;Transferência - Liquidação;CVCB3 - CVC BRASIL OPERADORA E AGÊNCIA DE VIAGENS S.A.    ;INTER DTVM LTDA;44; RR$	12,27 ; RR$	539,88 
Credito;31/03/2020;Transferência - Liquidação;MGLU3 - MAGAZINE LUIZA S.A.                               ;INTER DTVM LTDA;14; RR$	39,68 ; RR$	555,52 
Credito;30/03/2020;Transferência - Liquidação;AZUL4 - AZUL S.A.                                         ;INTER DTVM LTDA;24; RR$	21,18 ; RR$	508,32 
Debito;30/03/2020;Transferência - Liquidação;BRKM5 - BRASKEM S.A.                                      ;INTER DTVM LTDA;67; RR$	17,45 ; RR$	1.169,15 
Credito;30/03/2020;Transferência - Liquidação;CVCB3 - CVC BRASIL OPERADORA E AGÊNCIA DE VIAGENS S.A.    ;INTER DTVM LTDA;44; RR$	11,35 ; RR$	499,40 
Debito;30/03/2020;Transferência - Liquidação;GOLL4 - GOL LINHAS AEREAS INTELIGENTES S.A.               ;INTER DTVM LTDA;45; RR$	14,43 ; RR$	649,35 
Debito;27/03/2020;Transferência - Liquidação;BIDI4 - BANCO INTER S.A.                                  ;INTER DTVM LTDA;22; RR$	10,42 ; RR$	229,24 
Credito;27/03/2020;Transferência - Liquidação;BRKM5 - BRASKEM S.A.                                      ;INTER DTVM LTDA;67; RR$	15,00 ; RR$	1.005,00 
Credito;27/03/2020;Transferência - Liquidação;GOLL4 - GOL LINHAS AEREAS INTELIGENTES S.A.               ;INTER DTVM LTDA;45; RR$	11,20 ; RR$	504,00 
Debito;27/03/2020;Transferência - Liquidação;JBSS3 - JBS S.A.                                          ;INTER DTVM LTDA;80; RR$	22,70 ; RR$	1.816,00 
Credito;27/03/2020;Transferência - Liquidação;VVAR3 - VIA VAREJO S.A.                                   ;INTER DTVM LTDA;42; RR$	5,35 ; RR$	224,70 
Credito;26/03/2020;Transferência - Liquidação;TIET3 - AES TIETE ENERGIA SA                              ;INTER DTVM LTDA;1; RR$	2,96 ; RR$	2,96 
Credito;19/03/2020;Atualização;BCFF11 - FDO INV IMOB - FII BTG PACTUAL FUNDO DE FUNDOS    ;INTER DTVM LTDA;3;-;-
Credito;18/03/2020;Transferência - Liquidação;BIDI4 - BANCO INTER S.A.                                  ;INTER DTVM LTDA;13; RR$	8,31 ; RR$	108,03 
Credito;17/03/2020;Transferência - Liquidação;BIDI4 - BANCO INTER S.A.                                  ;INTER DTVM LTDA;5; RR$	9,25 ; RR$	46,25 
Credito;13/03/2020;Rendimento;BCFF11 - FDO INV IMOB - FII BTG PACTUAL FUNDO DE FUNDOS    ;INTER DTVM LTDA;24; RR$	0,53 ; RR$	12,72 
Credito;13/03/2020;Rendimento;BCFF13 - FDO INV IMOB - FII BTG PACTUAL FUNDO DE FUNDOS    ;INTER DTVM LTDA;3; RR$	0,10 ; RR$	0,28 
Credito;13/03/2020;Transferência - Liquidação;JBSS3 - JBS S.A.                                          ;INTER DTVM LTDA;50; RR$	18,08 ; RR$	904,00 
Credito;13/03/2020;Rendimento;LGCP11 - LOGCP INTER FDO INV IMOB                          ;INTER DTVM LTDA;2; RR$	0,46 ; RR$	0,91 
Credito;11/03/2020;Transferência - Liquidação;JBSS3 - JBS S.A.                                          ;INTER DTVM LTDA;30; RR$	18,46 ; RR$	553,80 
Credito;11/03/2020;Transferência - Liquidação;VVAR3 - VIA VAREJO S.A.                                   ;INTER DTVM LTDA;35; RR$	9,56 ; RR$	334,60 
Credito;09/03/2020;Transferência - Liquidação;VVAR3 - VIA VAREJO S.A.                                   ;INTER DTVM LTDA;50; RR$	14,02 ; RR$	701,00 
Credito;06/03/2020;Rendimento;HSML11 - HSI MALL FDO INV IMOB                             ;INTER DTVM LTDA;1; RR$	0,60 ; RR$	0,60 
Credito;06/03/2020;Juros Sobre Capital Próprio;ITUB3 - ITAU UNIBANCO HOLDING S.A.                        ;INTER DTVM LTDA;1; RR$	0,04 ; RR$	0,03 
Debito;05/03/2020;Transferência - Liquidação;MRFG3 - MARFRIG GLOBAL FOODS S.A.                         ;INTER DTVM LTDA;22; RR$	13,16 ; RR$	289,52 
Credito;05/03/2020;Transferência - Liquidação;VVAR3 - VIA VAREJO S.A.                                   ;INTER DTVM LTDA;30; RR$	14,74 ; RR$	442,20 
Debito;04/03/2020;Transferência - Liquidação;JBSS3 - JBS S.A.                                          ;INTER DTVM LTDA;10; RR$	22,54 ; RR$	225,40 
Debito;04/03/2020;Transferência - Liquidação;TIET3 - AES TIETE ENERGIA SA                              ;INTER DTVM LTDA;33; RR$	3,92 ; RR$	129,36 
Credito;03/03/2020;Transferência - Liquidação;JBSS3 - JBS S.A.                                          ;INTER DTVM LTDA;10; RR$	21,98 ; RR$	219,80 
Credito;02/03/2020;Dividendo;ITUB3 - ITAU UNIBANCO HOLDING S.A.                        ;INTER DTVM LTDA;1; RR$	0,02 ; RR$	0,01 
Credito;02/03/2020;Transferência - Liquidação;MRFG3 - MARFRIG GLOBAL FOODS S.A.                         ;INTER DTVM LTDA;10; RR$	12,59 ; RR$	125,90 
Credito;20/02/2020;Transferência - Liquidação;BCFF11 - FDO INV IMOB - FII BTG PACTUAL FUNDO DE FUNDOS    ;INTER DTVM LTDA;17; RR$	95,98 ; RR$	1.631,66 
Credito;14/02/2020;Rendimento;BCFF11 - FDO INV IMOB - FII BTG PACTUAL FUNDO DE FUNDOS    ;INTER DTVM LTDA;7; RR$	0,57 ; RR$	3,99 
Debito;14/02/2020;Transferência - Liquidação;ITUB3 - ITAU UNIBANCO HOLDING S.A.                        ;INTER DTVM LTDA;1; RR$	31,34 ; RR$	31,34 
Credito;14/02/2020;Rendimento;LGCP11 - LOGCP INTER FDO INV IMOB                          ;INTER DTVM LTDA;2; RR$	0,16 ; RR$	0,31 
Credito;13/02/2020;Transferência - Liquidação;HSML11 - HSI MALL FDO INV IMOB                             ;INTER DTVM LTDA;1; RR$	118,96 ; RR$	118,96 
Debito;12/02/2020;Direitos de Subscrição - Excercído;BCFF12 - FDO INV IMOB - FII BTG PACTUAL FUNDO DE FUNDOS    ;INTER DTVM LTDA;3;-;-
Debito;12/02/2020;Solicitação de Subscrição;BCFF12 - FDO INV IMOB - FII BTG PACTUAL FUNDO DE FUNDOS    ;INTER DTVM LTDA;3;-;-
Credito;04/02/2020;Transferência - Liquidação;TIET3 - AES TIETE ENERGIA SA                              ;INTER DTVM LTDA;18; RR$	3,69 ; RR$	66,42 
Credito;03/02/2020;Dividendo;ITUB3 - ITAU UNIBANCO HOLDING S.A.                        ;INTER DTVM LTDA;1; RR$	0,02 ; RR$	0,01 
Credito;29/01/2020;Transferência - Liquidação;BCFF11 - FDO INV IMOB - FII BTG PACTUAL FUNDO DE FUNDOS    ;INTER DTVM LTDA;1; RR$	106,35 ; RR$	106,35 
Credito;29/01/2020;Transferência - Liquidação;DIRR3 - DIRECIONAL ENGENHARIA S.A.                        ;INTER DTVM LTDA;6; RR$	17,97 ; RR$	107,82 
Credito;29/01/2020;Transferência - Liquidação;MRFG3 - MARFRIG GLOBAL FOODS S.A.                         ;INTER DTVM LTDA;2; RR$	11,88 ; RR$	23,76 
Credito;28/01/2020;Direito de Subscrição;BCFF12 - FDO INV IMOB - FII BTG PACTUAL FUNDO DE FUNDOS    ;INTER DTVM LTDA;3;-;-
Credito;24/01/2020;Transferência - Liquidação;BCFF11 - FDO INV IMOB - FII BTG PACTUAL FUNDO DE FUNDOS    ;INTER DTVM LTDA;2; RR$	113,99 ; RR$	227,98 
Debito;24/01/2020;Transferência - Liquidação;FLMA11 - FDO INV IMOB CONTINENTAL SQUARE FARIA LIMA        ;INTER DTVM LTDA;10; RR$	4,07 ; RR$	40,70 
Credito;24/01/2020;Transferência - Liquidação;MRFG3 - MARFRIG GLOBAL FOODS S.A.                         ;INTER DTVM LTDA;10; RR$	11,79 ; RR$	117,90 
Credito;15/01/2020;Rendimento;BCFF11 - FDO INV IMOB - FII BTG PACTUAL FUNDO DE FUNDOS    ;INTER DTVM LTDA;4; RR$	0,57 ; RR$	2,28 
Credito;15/01/2020;Rendimento;FLMA11 - FDO INV IMOB CONTINENTAL SQUARE FARIA LIMA        ;INTER DTVM LTDA;10; RR$	0,02 ; RR$	0,15 
Credito;15/01/2020;Rendimento;LGCP11 - LOGCP INTER FDO INV IMOB                          ;INTER DTVM LTDA;2; RR$	0,04 ; RR$	0,07 
Credito;14/01/2020;Transferência - Liquidação;ITUB3 - ITAU UNIBANCO HOLDING S.A.                        ;INTER DTVM LTDA;1; RR$	30,63 ; RR$	30,63 
Credito;13/01/2020;Transferência - Liquidação;TIET3 - AES TIETE ENERGIA SA                              ;INTER DTVM LTDA;15; RR$	3,74 ; RR$	56,10 
Credito;07/01/2020;Transferência - Liquidação;BIDI4 - BANCO INTER S.A.                                  ;INTER DTVM LTDA;4; RR$	15,45 ; RR$	61,80 
Debito;07/01/2020;Transferência - Liquidação;ITUB3 - ITAU UNIBANCO HOLDING S.A.                        ;INTER DTVM LTDA;1; RR$	32,57 ; RR$	32,57 
Credito;02/01/2020;Dividendo;ITUB3 - ITAU UNIBANCO HOLDING S.A.                        ;INTER DTVM LTDA;1; RR$	0,02 ; RR$	0,01 